<?xml version="1.0" encoding="UTF-8"?>
<project-private xmlns="http://www.netbeans.org/ns/project-private/1">
    <editor-bookmarks xmlns="http://www.netbeans.org/ns/editor-bookmarks/2" lastBookmarkId="5"/>
    <open-files xmlns="http://www.netbeans.org/ns/projectui-open-files/2">
        <group>
            <file>file:/C:/Users/Vignesh/Documents/NetBeansProjects/Supermarket/src/supermarket/Products.java</file>
            <file>file:/C:/Users/Vignesh/Documents/NetBeansProjects/Supermarket/src/supermarket/updateadmin.java</file>
            <file>file:/C:/Users/Vignesh/Documents/NetBeansProjects/Supermarket/src/supermarket/Category.java</file>
            <file>file:/C:/Users/Vignesh/Documents/NetBeansProjects/Supermarket/src/supermarket/Loginpage.java</file>
            <file>file:/C:/Users/Vignesh/Documents/NetBeansProjects/Supermarket/src/supermarket/Billing.java</file>
            <file>file:/C:/Users/Vignesh/Documents/NetBeansProjects/Supermarket/src/supermarket/Supermarket.java</file>
            <file>file:/C:/Users/Vignesh/Documents/NetBeansProjects/Supermarket/src/supermarket/Loadingpage.java</file>
            <file>file:/C:/Users/Vignesh/Documents/NetBeansProjects/Supermarket/src/supermarket/Seller.java</file>
        </group>
    </open-files>
</project-private>
